,accuracy,roc_auc,precision,recall,f1
Logistic Regression,0.777,0.7905321589532116,0.6813725490196079,0.468013468013468,0.5548902195608783
Random Forest,0.77,0.7976828503144292,0.6634146341463415,0.45791245791245794,0.5418326693227091
Gradient Boosting,0.779,0.8185889238520817,0.7,0.4478114478114478,0.5462012320328542
